0,19,4,1,42,1
1,3,6,1,39,2
2,4,13270,1,160,3
3,15,14005,1,373,4
4,13,24050,1,41,5
5,7,25013,11,31,16
6,16,26408,1,180,17
7,13,30282,1,28,18
8,20,30287,1,25,19
9,1,30287,1,125,20
10,15,41382,1,287,21
11,8,44246,1,1716,22
12,4,45068,17,90,39
13,11,46496,38,266,77
14,1,59190,8,70,85
15,18,60578,1,30,86
16,13,60580,1,669,87
17,7,64866,1,131,88
18,14,70337,1,37,89
19,1,70337,9,221,98
20,8,71093,1,1995,99
21,15,71116,1,27,100
22,16,71837,1,480,101
23,8,75521,100,388,201
24,8,95695,1,63,202
25,8,103564,1,147,203
26,15,106008,11,89,214
27,10,108381,1,78,215
28,1,110011,1,297,216
29,18,111335,1,30,217
30,4,111337,1,260,218
31,10,139911,1,131,219
32,11,152678,1,38,220
33,17,152683,1,376,221
34,14,154306,1,573,222
35,7,160619,1,163,223
36,10,176676,1,66,224
37,16,176696,1,81,225
38,17,176701,1,115,226
39,19,179540,1,249,227
40,2,179543,1,3336,228
41,8,179543,1,231,229
42,13,184761,31,383,260
43,6,185576,120,26,380
44,18,185576,243,58,623
45,12,185578,1,3224,624
46,15,198396,1,31,625
47,17,199081,50,130,675
48,6,199082,1,83,676
49,13,200470,2,23,678
50,16,211187,1,26,679
51,1,220779,1,56,680
52,2,220790,1,23,681
53,20,259513,1,147,682
54,19,263399,1,145,683
55,6,265081,2,247,685
56,17,269310,35,426,720
57,1,270063,1,29,721
58,7,270076,1,251,722
59,18,270077,15,174,737
60,13,279865,1,259,738
61,12,279868,1,121,739
62,19,282241,1,78,740
63,15,284395,3,74,743
64,9,284395,5,76,748
65,18,290839,1,244,749
66,1,290859,1,94,750
67,17,299442,1,21,751
68,5,301264,1,27,752
69,18,306614,1,181,753
70,14,306617,14,83,767
71,2,306620,1,111,768
72,12,315488,1,22,769
73,18,316281,1,221,770
74,17,316283,1,281,771
75,16,330773,1,1866,772
76,12,330773,1,58,773
77,12,331588,120,26,893
78,18,331595,1,26,894
79,20,331595,11,84,905
80,20,333273,1,18,906
81,15,352584,1,24,907
82,1,352584,1,180,908
83,8,353354,1,845,909
84,6,355603,2,159,911
85,19,356341,1,404,912
86,3,356341,16,738,928
87,18,359260,5,14,933
88,9,359260,1,1330,934
89,3,371827,1,61,935
90,1,371829,1,272,936
91,1,375525,11,109,947
92,9,398262,1,28,948
93,9,412641,1,28,949
94,20,421406,1,20,950
95,12,424180,1,1003,951
96,3,427983,837,25,1788
97,6,432723,1,72,1789
98,17,445987,1,160,1790
99,6,455214,1,118,1791
100,9,460971,1,92,1792
101,10,477545,1,363,1793
102,11,479699,1,110,1794
103,16,483302,1,89,1795
104,1,487685,5,112,1800
105,13,490702,1,24,1801
106,14,490707,1,188,1802
107,7,490707,219,25,2021
108,4,502958,1,137,2022
109,17,503782,2,950,2024
110,20,503785,1,297,2025
111,1,523841,1,23,2026
112,1,527380,1200,482,3226
113,5,528827,11,2113,3237
114,6,539830,1,126,3238
115,17,544818,1,71,3239
116,14,546730,1,2581,3240
117,8,546734,100,195,3340
118,17,548171,1,267,3341
119,8,552898,5,31,3346
120,1,556280,1,1997,3347
121,19,558009,11,103,3358
122,11,564868,1,1170,3359
123,14,571312,1,244,3360
124,10,575937,1,26,3361
125,7,575937,3,237,3364
126,2,578898,1,831,3365
127,3,578902,1,19,3366
128,3,578907,1,314,3367
129,10,578910,1,57,3368
130,6,584128,31,383,3399
131,19,585452,1,30,3400
132,5,588273,50,177,3450
133,18,588289,1,45,3451
134,2,590509,46,213,3497
135,7,590509,399,86,3896
136,19,590521,1,47,3897
137,6,590527,1,77,3898
138,20,596588,1,372,3899
139,2,596590,1,103,3900
140,7,596593,1,31,3901
141,4,598886,1,23,3902
142,19,598889,14,83,3916
143,14,598889,11,41,3927
144,7,599711,17,90,3944
145,4,601867,1,103,3945
146,13,611917,1,259,3946
147,17,611917,1,84,3947
148,1,613232,1,25,3948
149,20,623099,1,116,3949
150,13,623837,1,79,3950
151,10,625343,1,132,3951
152,6,626385,1,1530,3952
153,11,631900,1,275,3953
154,19,632825,1,88,3954
155,5,632870,1,48,3955
156,14,637442,1,34,3956
157,9,647466,1,509,3957
158,4,647466,11,41,3968
159,13,647466,1,135,3969
160,18,648930,1,21,3970
161,18,653310,1,26,3971
162,18,655031,11,57,3982
163,3,655059,1,27,3983
164,2,655059,1,388,3984
165,5,660287,1,25,3985
166,6,662047,1,93,3986
167,18,662047,11,120,3997
168,9,672071,1,509,3998
169,11,672081,1,151,3999
170,17,672081,1,180,4000
171,9,672081,1,64,4001
172,11,672081,1,58,4002
173,4,672109,1,20,4003
174,8,708671,1,302,4004
175,20,710281,1,36,4005
176,16,710281,512,2115,4517
177,19,710286,1,195,4518
178,4,710292,1,289,4519
179,2,710949,9,64,4528
180,3,710959,1,55,4529
181,5,710984,1,2187,4530
182,5,710986,1,118,4531
183,4,717965,1,30,4532
184,19,717972,1,180,4533
185,13,722746,11,48,4544
186,19,726057,1,23,4545
187,8,726795,1,404,4546
188,3,726795,15,123,4561
189,9,729169,1,78,4562
190,10,729985,1,191,4563
191,18,733051,15,226,4578
192,4,755858,1,105,4579
193,9,755863,1,30,4580
194,2,755863,1,83,4581
195,10,761924,1,372,4582
196,20,761924,2489,621,7071
197,1,761929,1,43,7072
198,14,763441,50,183,7122
199,2,768028,1,78,7123
200,8,771647,1,21,7124
201,19,773876,1,18,7125
202,6,776042,1,374,7126
203,15,776770,1,74,7127
204,8,781510,1,72,7128
205,4,781512,1,31,7129
206,13,784676,1,116,7130
207,18,791005,1,305,7131
208,10,791005,5,76,7136
209,9,791742,1,404,7137
210,16,791743,11,62,7148
211,4,794237,1,109,7149
212,11,794239,1,122,7150
213,1,800148,1,601,7151
214,10,800190,1,41,7152
215,20,800190,9,221,7161
216,15,811795,1,79,7162
217,11,817076,1,32,7163
218,3,819178,1,237,7164
219,11,819918,1,179,7165
220,20,819921,1,267,7166
221,15,819924,1,267,7167
222,9,820693,1,79,7168
223,20,834422,1,29,7169
224,18,834427,1,433,7170
225,16,836036,1,36,7171
226,12,836041,1,130,7172
227,6,836045,1,113,7173
228,7,838198,1,80,7174
229,7,850299,1,32,7175
230,12,851725,11,292,7186
231,9,851740,1,254,7187
232,15,851745,1,171,7188
233,19,851759,1,929,7189
234,11,853197,60,506,7249
235,8,853202,1,158,7250
236,10,853203,1,231,7251
237,11,861990,1,198,7252
238,11,870832,1,28,7253
239,19,873705,52,283,7305
240,10,874674,1,339,7306
241,11,874678,1,294,7307
242,18,876466,55,76,7362
243,19,876474,1,265,7363
244,20,878524,1,312,7364
245,8,878524,50,170,7414
246,1,878533,1,33,7415
247,8,881494,1,46,7416
248,3,891359,1,23,7417
249,18,896792,1,23,7418
250,3,898401,1,36,7419
251,3,922169,1,295,7420
252,1,922198,1,124,7421
253,12,926001,837,25,8258
254,16,927900,1,33,8259
255,5,936970,15,305,8274
256,17,938757,55,76,8329
257,11,938761,1,433,8330
258,17,942073,1,23,8331
259,6,942076,1,111,8332
260,5,943773,16,928,8348
261,11,943776,9,85,8357
262,4,953399,1,31,8358
263,17,955544,1,3200,8359
264,20,955548,1,66,8360
265,5,955567,1,183,8361
266,7,976860,1,158,8362
267,18,980759,1,14,8363
268,2,980759,11,120,8374
269,11,980760,512,2115,8886
270,20,982403,14,423,8900
271,18,983174,1,845,8901
272,7,983174,11,64,8912
273,10,983179,1,750,8913
274,18,983184,1,25,8914
275,2,983187,1,31,8915
276,8,983187,11,129,8926
277,3,986009,50,177,8976
278,15,986016,1,110,8977
279,14,988977,1,46,8978
280,9,990771,1,152,8979
281,15,992924,1,80,8980
282,18,1002876,1,57,8981
283,1,1002876,169,98,9150
284,11,1007993,1,2114,9151
285,9,1017630,1,16,9152
286,1,1025525,1,42,9153
287,14,1026314,16,19,9169
288,1,1026320,1,214,9170
289,12,1027809,1,189,9171
290,5,1029955,2,158,9173
291,5,1033840,1,145,9174
292,9,1045383,1,98,9175
293,9,1045386,1,118,9176
294,19,1045386,67,207,9243
295,6,1051002,1,2104,9244
296,3,1051006,1,235,9245
297,16,1062950,1,64,9246
298,6,1070772,1,350,9247
299,11,1071483,50,175,9297
300,15,1082263,1,174,9298
301,8,1083011,1,2792,9299
302,11,1083011,1,25,9300
303,16,1083720,2,398,9302
304,8,1083742,1,119,9303
305,14,1083742,165,50,9468
306,18,1083744,1,32,9469
307,9,1090786,1,741,9470
308,8,1090789,1,186,9471
309,3,1100336,1,197,9472
310,17,1100336,15,444,9487
311,12,1100336,18,379,9505
312,17,1103710,1,1868,9506
313,7,1104434,1,433,9507
314,10,1107451,1,24,9508
315,10,1117318,1,2496,9509
316,18,1117320,1,183,9510
317,6,1119064,1,117,9511
318,15,1119066,1,368,9512
319,3,1122937,1,98,9513
320,4,1124588,1,25,9514
321,20,1126930,15,176,9529
322,17,1127723,1,65,9530
323,13,1127729,1,214,9531
324,5,1127732,1,45,9532
325,14,1127979,1,189,9533
326,19,1127995,1,154,9534
327,2,1131165,1,177,9535
328,13,1131874,2,398,9537
329,12,1133427,1,140,9538
330,17,1137668,1,87,9539
331,6,1138621,1,67,9540
332,2,1138625,100,195,9640
333,3,1142008,1,1997,9641
334,9,1144969,1,46,9642
335,4,1145705,2,127,9644
336,3,1150690,1,79,9645
337,5,1151424,1,15,9646
338,20,1156895,1,37,9647
339,3,1163201,1,19,9648
340,8,1165368,1,25,9649
341,13,1165373,15,90,9664
342,14,1177080,1,167,9665
343,6,1178527,11,2113,9676
344,11,1178527,5,76,9681
345,5,1178530,1,126,9682
346,16,1180463,1,34,9683
347,7,1181197,1,15,9684
348,14,1183390,1,34,9685
349,18,1183390,15,165,9700
350,4,1189284,1,39,9701
351,10,1191364,100,92,9801
352,8,1191374,1,284,9802
353,18,1191376,1,31,9803
354,7,1198171,8,13,9811
355,15,1198882,50,175,9861
356,1,1202763,1,160,9862
357,20,1215458,8,70,9870
358,9,1227582,1,19,9871
359,6,1227585,1,82,9872
360,5,1230975,1,25,9873
361,7,1238616,136,69,10009
362,10,1239308,55,52,10064
363,9,1240034,2,150,10066
364,15,1249605,1,137,10067
365,6,1251153,58,1336,10125
366,12,1251157,1,210,10126
367,14,1264249,1,633,10127
368,4,1265900,1,25,10128
369,7,1265906,1,147,10129
370,13,1265912,1,214,10130
371,10,1265915,11,237,10141
372,4,1266839,1,88,10142
373,1,1271453,1,276,10143
374,19,1271455,1,54,10144
375,1,1273827,15,269,10159
376,10,1273830,1,210,10160
377,5,1273833,1,103,10161
378,17,1275668,11,240,10172
379,19,1287079,1,23,10173
380,10,1287867,1,790,10174
381,17,1310745,1,182,10175
382,12,1318614,1,147,10176
383,17,1318635,1,445,10177
384,1,1319484,1,52,10178
385,15,1320263,3,46,10181
386,15,1327131,1,27,10182
387,10,1336396,1,37,10183
388,13,1336396,15,174,10198
389,19,1340968,1,34,10199
390,4,1343124,1,103,10200
391,13,1359699,1,363,10201
392,7,1371083,1,22,10202
393,1,1373419,1,422,10203
394,20,1373429,1,284,10204
395,17,1373434,1,223,10205
396,15,1399443,1,141,10206
397,17,1399443,15,165,10221
398,10,1405336,1,39,10222
399,6,1407633,100,367,10322
400,20,1407650,1,254,10323
401,17,1417071,1,290,10324
402,12,1417076,1,28,10325
403,1,1417080,1,42,10326
404,13,1418992,1,2581,10327
405,14,1421137,2,158,10329
406,13,1421141,1,267,10330
407,20,1421143,1,29,10331
408,3,1421155,1,660,10332
409,8,1423311,1,103,10333
410,10,1423326,11,100,10344
411,1,1425665,17,74,10361
412,5,1425675,1,55,10362
413,13,1428827,1,228,10363
414,9,1428873,1,48,10364
415,6,1428877,1,115,10365
416,3,1437209,1,291,10366
417,20,1437209,303,79,10669
418,12,1437251,1,41,10670
419,9,1437274,2,274,10672
420,14,1440193,5,14,10677
421,18,1442565,16,1692,10693
422,5,1458623,1,66,10694
423,9,1459996,4,160,10698
424,6,1461718,11,57,10709
425,17,1469319,11,176,10720
426,9,1469320,11,198,10731
427,4,1473928,1,1707,10732
428,19,1473933,1,269,10733
429,3,1475545,1,175,10734
430,3,1475545,1,78,10735
431,15,1481302,1,92,10736
432,6,1484782,1,18,10737
433,6,1491095,1,163,10738
434,3,1493239,15,351,10753
435,9,1503104,1,23,10754
436,10,1503104,78,80,10832
437,17,1503108,1,38,10833
438,8,1503110,1,122,10834
439,11,1503110,15,175,10849
440,3,1507507,1,155,10850
441,17,1509342,11,240,10861
442,12,1510397,1,27,10862
443,17,1510401,489,126,11351
444,2,1511133,1,21,11352
445,10,1515362,35,426,11387
446,18,1515369,1,127,11388
447,12,1517519,1,215,11389
448,8,1519813,1,25,11390
449,18,1527234,1,17,11391
450,6,1527239,1,27,11392
451,9,1550731,1,58,11393
452,20,1568069,4,101,11397
453,8,1568069,9,47,11406
454,20,1580320,1,137,11407
455,8,1580327,1,62,11408
456,1,1582762,1,761,11409
457,20,1582766,15,104,11424
458,11,1587600,1,122,11425
459,14,1587600,1,296,11426
460,8,1593646,1,114,11427
461,9,1595875,1,18,11428
462,3,1595907,1,103,11429
463,6,1595909,1,204,11430
464,19,1595909,1,163,11431
465,19,1608672,3,111,11434
466,5,1610108,2,287,11436
467,9,1611019,1,99,11437
468,17,1623823,1,44,11438
469,5,1623834,1,136,11439
470,5,1627195,15,271,11454
471,15,1648488,1,158,11455
472,10,1654051,6,277,11461
473,13,1654051,3,527,11464
474,4,1658196,1,55,11465
475,7,1665064,1,27,11466
476,10,1671933,1,27,11467
477,4,1674207,1,31,11468
478,13,1675000,5,159,11473
479,16,1687865,1,47,11474
480,4,1687865,1,296,11475
481,6,1687865,1,192,11476
482,2,1687865,11,198,11487
483,20,1689687,1,27,11488
484,7,1690483,1,27,11489
485,2,1692790,15,247,11504
486,17,1693499,2,398,11506
487,20,1693499,303,79,11809
488,11,1693499,40,573,11849
489,9,1694877,1,54,11850
490,20,1694879,1,54,11851
491,6,1704746,1,2496,11852
492,8,1704752,1,167,11853
493,8,1704757,1,27,11854
494,15,1705466,2,398,11856
495,6,1705482,1,294,11857
496,8,1705487,1,48,11858
497,10,1705518,1,72,11859
498,18,1706892,4,160,11863
499,13,1709037,2,158,11865
500,15,1709735,1,83,11866
501,9,1709735,1,140,11867
502,16,1709735,1,47,11868
503,4,1713620,1,145,11869
504,7,1713620,5,76,11874
505,2,1715491,1,31,11875
506,1,1715499,1,240,11876
507,16,1719761,1,793,11877
508,13,1731366,1,79,11878
509,19,1731368,1,68,11879
510,7,1731370,1,357,11880
511,6,1731376,1,27,11881
512,5,1741799,16,3553,11897
513,1,1742589,16,19,11913
514,13,1742596,1,240,11914
515,18,1742596,14,82,11928
516,19,1744366,58,204,11986
517,9,1756453,1,36,11987
518,3,1756453,2,72,11989
519,10,1757826,4,160,11993
520,1,1757833,1,78,11994
521,18,1768836,1,126,11995
522,17,1768836,1,109,11996
523,5,1768836,11,64,12007
524,9,1768847,1,69,12008
525,4,1773284,1,48,12009
526,3,1793341,1,23,12010
527,1,1793372,1,103,12011
528,5,1794687,1,25,12012
529,9,1794693,1,269,12013
530,7,1800299,1,351,12014
531,15,1801677,1,54,12015
532,11,1801678,1,231,12016
533,9,1802500,1,122,12017
534,9,1807971,1,37,12018
535,8,1807977,1,380,12019
536,2,1807981,1,294,12020
537,19,1808688,15,423,12035
538,12,1808716,1,120,12036
539,20,1831191,1,114,12037
540,18,1831193,1,304,12038
541,17,1836575,1,117,12039
542,2,1842046,1,37,12040
543,12,1842051,1,127,12041
544,14,1845718,1,226,12042
545,7,1846789,100,195,12142
546,18,1846789,11,62,12153
547,3,1852030,1,30,12154
548,9,1852031,15,192,12169
549,20,1857249,31,383,12200
550,3,1863756,1,365,12201
551,6,1873865,1,1134,12202
552,5,1882197,1,109,12203
553,7,1886822,1,26,12204
554,14,1891632,1,20,12205
555,2,1891636,15,104,12220
556,3,1904807,1,1397,12221
557,17,1904830,2,274,12223
558,17,1904841,1,23,12224
559,4,1915559,1,26,12225
560,2,1918076,1,50,12226
561,18,1919717,1,73,12227
562,15,1932284,1,61,12228
563,5,1932284,1,160,12229
564,13,1932290,1,61,12230
565,15,1932290,15,444,12245
566,17,1932290,14,40,12259
567,3,1934441,1,215,12260
568,11,1934688,1,189,12261
569,10,1941587,1,110,12262
570,13,1941587,1,60,12263
571,9,1941587,1,486,12264
572,5,1944105,1,50,12265
573,13,1945905,1,111,12266
574,4,1947955,1,312,12267
575,10,1949606,1,25,12268
576,14,1951001,1,180,12269
577,8,1951001,1,64,12270
578,18,1961032,1,219,12271
579,11,1961035,14,83,12285
580,11,1966264,1,272,12286
581,13,1966267,1,103,12287
582,19,1966288,1,119,12288
583,4,1975156,1,22,12289
584,15,1975156,1,72,12290
585,18,1978539,1,1997,12291
586,19,1981709,1,177,12292
587,17,1981711,1,368,12293
588,1,1981716,1,86,12294
589,10,1984058,15,176,12309
590,6,1989276,31,383,12340
591,12,1989279,1,281,12341
592,17,1989279,489,231,12830
593,4,1989301,1,47,12831
594,12,1989317,1,27,12832
595,19,1990958,1,73,12833
596,2,1993570,1,286,12834
597,18,1993572,1,267,12835
598,14,2008165,1,275,12836
599,11,2008172,1,117,12837
600,9,2010326,3,74,12840
601,17,2020192,1,116,12841
602,1,2022222,1,61,12842
603,4,2022226,1,42,12843
604,11,2023842,1,31,12844
605,11,2024043,38,252,12882
606,11,2026944,2,30,12884
607,3,2029733,1,412,12885
608,9,2035742,1,114,12886
609,15,2035742,1,231,12887
610,12,2035764,2,274,12889
611,13,2037578,11,260,12900
612,3,2037578,1,152,12901
613,19,2037580,1,260,12902
614,2,2039452,1,56,12903
615,2,2039456,1,42,12904
616,16,2042839,1,1997,12905
617,9,2044320,1,1876,12906
618,8,2044328,15,421,12921
619,19,2046624,100,367,13021
620,11,2046627,1,37,13022
621,12,2050355,1,59,13023
622,10,2055188,1,122,13024
623,20,2055209,1,273,13025
624,18,2055238,1,20,13026
625,6,2061550,1,163,13027
626,5,2065424,1,28,13028
627,8,2065671,1,189,13029
628,5,2065685,1,123,13030
629,4,2065689,1,120,13031
630,14,2068464,1,1003,13032
631,20,2069185,1,480,13033
632,4,2076646,1,171,13034
633,9,2076649,1,210,13035
634,4,2076649,11,129,13046
635,9,2076652,11,237,13057
636,19,2085458,1,209,13058
637,3,2085460,1,190,13059
638,3,2090270,1,20,13060
639,7,2090272,17,48,13077
640,6,2091709,60,506,13137
641,14,2100317,1,44,13138
642,19,2100346,1,124,13139
643,16,2100346,1,58,13140
644,10,2100346,1,3200,13141
645,7,2100354,1,33,13142
646,16,2100366,1,165,13143
647,8,2101202,1,27,13144
648,15,2101212,50,169,13194
649,12,2101212,1,42,13195
650,7,2101216,100,195,13295
651,16,2104135,5,14,13300
652,3,2104135,9,221,13309
653,9,2105223,11,140,13320
654,7,2106051,1,49,13321
655,18,2106067,1,45,13322
656,13,2106795,1,45,13323
657,16,2106797,1,121,13324
658,13,2110109,1,23,13325
659,17,2113170,15,290,13340
660,19,2113170,219,25,13559
661,14,2113182,1,660,13560
662,12,2117103,1,28,13561
663,15,2127055,1,57,13562
664,7,2129536,1,388,13563
665,10,2130328,1,65,13564
666,1,2141423,1,287,13565
667,4,2141423,11,84,13576
668,10,2142181,1,130,13577
669,11,2142185,1,34,13578
670,18,2142190,15,90,13593
671,19,2142190,18,379,13611
672,10,2142197,1,289,13612
673,14,2142200,1,42,13613
674,17,2149842,136,69,13749
675,20,2155735,1,39,13750
676,19,2157173,1,267,13751
677,15,2195895,1,147,13752
678,5,2198580,1,164,13753
679,15,2203042,1,25,13754
680,5,2204545,1,153,13755
681,6,2205283,1,404,13756
682,1,2208104,50,177,13806
683,19,2213346,1,30,13807
684,12,2213350,1,119,13808
685,13,2213381,1,2338,13809
686,1,2213395,1,43,13810
687,3,2214975,1,322,13811
688,3,2237781,1,105,13812
689,1,2237786,1,115,13813
690,9,2246369,1,21,13814
691,9,2246390,1,273,13815
692,12,2246390,219,25,14034
693,16,2248630,17,118,14051
694,11,2248636,1,147,14052
695,15,2249960,11,231,14063
696,4,2256818,1,1170,14064
697,12,2280311,1,58,14065
698,14,2280311,14,82,14079
699,1,2283731,11,109,14090
700,9,2289082,1,28,14091
701,5,2289083,1,58,14092
702,10,2289083,11,89,14103
703,14,2289086,1,111,14104
704,17,2301338,1,137,14105
705,14,2301340,1,357,14106
706,9,2303484,15,351,14121
707,11,2303489,1,25,14122
708,16,2303508,1,60,14123
709,16,2317238,1,29,14124
710,13,2317242,1,111,14125
711,14,2319825,1,58,14126
712,3,2321336,50,183,14176
713,7,2321336,1,72,14177
714,5,2321339,1,28,14178
715,1,2321339,1,171,14179
716,9,2321339,1,79,14180
717,16,2327506,1,30,14181
718,4,2327514,1,25,14182
719,6,2329616,1,237,14183
720,1,2329621,1,66,14184
721,14,2329625,1,171,14185
722,2,2329634,1,265,14186
723,7,2331428,1,152,14187
724,14,2331434,1,158,14188
725,2,2333728,1,23,14189
726,4,2340411,140,56,14329
727,18,2341880,11,53,14340
728,14,2341883,100,123,14440
729,4,2341888,1,66,14441
730,9,2349279,1,23,14442
731,16,2350977,16,928,14458
732,2,2351764,1,790,14459
733,7,2353442,1,18,14460
734,3,2361311,1,147,14461
735,13,2378649,4,101,14465
736,15,2379427,3,46,14468
737,17,2379431,1,24,14469
738,13,2379437,1,35,14470
739,20,2380165,1,74,14471
740,16,2380168,1,31,14472
741,5,2381719,2,83,14474
742,20,2381719,1,87,14475
743,7,2381726,1,78,14476
744,17,2386466,1,72,14477
745,14,2386469,1,296,14478
746,18,2391687,31,383,14509
747,16,2402387,1,42,14510
748,18,2405539,1,228,14511
749,7,2405561,2,274,14513
750,20,2406525,11,31,14524
751,16,2406527,1,32,14525
752,1,2406527,1,79,14526
753,12,2412185,1,126,14527
754,9,2413814,1,297,14528
755,18,2413818,1,487,14529
756,15,2413819,1,204,14530
757,4,2413821,1,267,14531
758,17,2413821,1,171,14532
759,9,2413823,1,202,14533
760,8,2413830,1,62,14534
761,5,2469425,1,2399,14535
762,9,2469425,2,72,14537
763,14,2504533,1,19,14538
764,20,2504542,1,227,14539
765,2,2509156,1,276,14540
766,20,2509156,1,90,14541
767,5,2509158,1,103,14542
768,14,2515841,140,56,14682
769,9,2517992,1,215,14683
770,10,2517992,1,231,14684
771,16,2522977,1,79,14685
772,16,2523659,1,30,14686
773,20,2523660,1,58,14687
774,8,2536009,1,308,14688
775,6,2544644,1,25,14689
776,6,2545555,1,99,14690
777,19,2553907,1,16,14691
778,15,2555807,1050,2496,15741
779,5,2555814,1,158,15742
780,17,2555814,1,486,15743
781,17,2565681,1,116,15744
782,5,2565683,1,26,15745
783,7,2565683,18,379,15763
784,20,2568178,1,109,15764
785,16,2570078,1,33,15765
786,4,2570078,9,47,15774
787,5,2570087,1,73,15775
788,9,2571970,15,287,15790
789,3,2575508,1200,482,16990
790,18,2577757,2,159,16992
791,2,2577759,1,118,16993
792,6,2577773,1,123,16994
793,4,2577773,15,110,17009
794,19,2600512,1,172,17010
795,17,2600514,1,281,17011
796,10,2601595,1,288,17012
797,11,2603206,1,175,17013
798,1,2610002,8,13,17021
799,10,2610760,1,130,17022
800,20,2611519,1,130,17023
801,3,2611527,1,33,17024
802,8,2612454,1,25,17025
803,11,2613859,2,93,17027
804,20,2618256,1,155,17028
805,17,2621426,1,177,17029
806,1,2633513,1,36,17030
807,11,2637550,1,25,17031
808,5,2639843,1,23,17032
809,9,2644226,5,112,17037
810,5,2645805,1,322,17038
811,19,2656275,1,249,17039
812,12,2665062,1,198,17040
813,3,2667436,1,234,17041
814,4,2667436,1,388,17042
815,11,2667438,1,267,17043
816,9,2667438,1,292,17044
817,2,2667438,1,189,17045
818,1,2671166,1,59,17046
819,5,2673037,1,31,17047
820,13,2695843,1,105,17048
821,8,2697588,1,117,17049
822,11,2698982,1,180,17050
823,1,2707808,1,732,17051
824,11,2709263,2,121,17053
825,4,2712947,1,42,17054
826,5,2712951,1,79,17055
827,9,2713861,1,99,17056
828,3,2714791,1,48,17057
829,19,2714794,100,123,17157
830,17,2718195,1,147,17158
831,19,2718195,1,826,17159
832,18,2718213,1,181,17160
833,13,2721907,1,281,17161
834,8,2723586,1,29,17162
835,10,2727803,1,21,17163
836,5,2729597,1,152,17164
837,20,2729601,1,49,17165
838,4,2729606,1,157,17166
839,8,2729634,1,120,17167
840,14,2743364,1,29,17168
841,18,2743366,1,202,17169
842,9,2746846,1,18,17170
843,9,2747917,100,195,17270
844,17,2748742,1,165,17271
845,16,2752459,1,51,17272
846,13,2754099,1,73,17273
847,4,2754105,1,145,17274
848,12,2754111,1,269,17275
849,18,2754113,1,22,17276
850,18,2754124,1,826,17277
851,17,2754124,1,315,17278
852,19,2754124,15,110,17293
853,20,2766819,8,70,17301
854,15,2805542,1,147,17302
855,5,2805549,1,110,17303
856,3,2811716,1,30,17304
857,19,2813151,2,287,17306
858,7,2817050,1,14,17307
859,11,2840543,1,58,17308
860,10,2841359,1,191,17309
861,5,2844733,1,1868,17310
862,13,2844735,1,183,17311
863,15,2844742,1,247,17312
864,4,2845509,1,54,17313
865,5,2845510,15,165,17328
866,10,2847660,1,215,17329
867,20,2848939,1,16,17330
868,1,2851313,1,78,17331
869,1,2854182,1,77,17332
870,5,2854202,1,527,17333
871,18,2866289,1,36,17334
872,4,2866294,1,302,17335
873,1,2879099,1,44,17336
874,14,2882460,15,271,17351
875,14,2882471,1,165,17352
876,12,2883926,1,106,17353
877,13,2889819,1,39,17354
878,15,2890730,1,99,17355
879,4,2903901,1,1397,17356
880,2,2906014,1,20,17357
881,1,2906990,1,27,17358
882,2,2906990,1,79,17359
883,4,2907799,1,116,17360
884,5,2907819,1,81,17361
885,17,2918719,1,93,17362
886,12,2918719,15,444,17377
887,9,2918725,1,289,17378
888,19,2918770,1,48,17379
889,12,2920176,15,150,17394
890,16,2922036,1,42,17395
891,8,2928899,1,26,17396
892,20,2930712,11,260,17407
893,4,2931578,50,24,17457
894,12,2931583,1,188,17458
895,6,2932321,1,79,17459
896,2,2932329,1,196,17460
897,11,2933078,1,73,17461
898,12,2934689,1,175,17462
899,2,2935514,2,950,17464
900,14,2935514,15,261,17479
901,13,2936328,120,26,17599
902,10,2962707,1,44,17600
903,11,2985444,1,28,17601
904,8,2985444,1,82,17602
905,20,2987693,2,159,17604
906,5,2993043,1,181,17605
907,11,2993047,1,487,17606
908,4,2994517,15,436,17621
909,17,2995261,15,262,17636
910,18,3000613,1,28,17637
911,16,3002050,60,506,17697
912,11,3023344,1,158,17698
913,4,3029002,1,126,17699
914,19,3029002,1,289,17700
915,16,3029030,1,124,17701
916,7,3031372,15,176,17716
917,6,3039955,1,21,17717
918,8,3041402,11,2113,17728
919,8,3041408,1,79,17729
920,11,3041413,1,43,17730
921,8,3047170,1,92,17731
922,15,3050070,2,30,17733
923,16,3050997,1,25,17734
924,16,3081192,1,353,17735
925,7,3087948,1,93,17736
926,15,3108004,1,23,17737
927,18,3110106,1,237,17738
928,19,3122874,1,38,17739
929,9,3123940,1,30,17740
930,5,3123940,1,245,17741
931,1,3125468,1,641,17742
932,14,3126188,1,339,17743
933,1,3126235,1,21,17744
934,3,3126242,1,127,17745
935,6,3126247,1,158,17746
936,13,3150949,1,116,17747
937,17,3151710,11,64,17758
938,10,3154629,5,14,17763
939,5,3160901,1,301,17764
940,17,3161688,1,28,17765
941,4,3163974,15,175,17780
942,9,3163974,2,58,17782
943,15,3169260,8,15,17790
944,8,3170707,11,2113,17801
945,13,3173576,1,77,17802
946,18,3176934,1,24,17803
947,8,3177705,1,845,17804
948,6,3178501,1,569,17805
949,6,3179879,1,54,17806
950,8,3185277,1,32,17807
951,18,3185277,14,137,17821
952,18,3193043,1,140,17822
953,6,3193835,1,65,17823
954,13,3193863,1,120,17824
955,1,3194589,2,150,17826
956,7,3194592,1,961,17827
957,8,3195589,50,27,17877
958,2,3195591,17,48,17894
959,17,3197213,1,573,17895
960,7,3197213,1,388,17896
961,17,3197216,1,51,17897
962,20,3199360,15,351,17912
963,18,3199363,1,124,17913
964,8,3201737,1,234,17914
965,15,3201737,67,207,17981
966,19,3201744,1,54,17982
967,2,3201744,2,379,17984
968,3,3212935,1,231,17985
969,4,3216954,1,252,17986
970,16,3216957,1,507,17987
971,17,3216957,11,198,17998
972,1,3216957,1,25,17999
973,10,3225308,1,42,18000
974,9,3226057,1,268,18001
975,14,3226065,1,772,18002
976,20,3226065,1,104,18003
977,18,3238436,1,285,18004
978,11,3238444,1,193,18005
979,18,3238457,1,251,18006
980,15,3240698,17,118,18023
981,14,3242727,1,61,18024
982,6,3242727,15,289,18039
983,13,3244611,15,287,18054
984,13,3246494,15,287,18069
985,7,3249455,1,46,18070
986,9,3250190,1,373,18071
987,5,3264943,1,27,18072
988,19,3264947,1,113,18073
989,6,3266352,2,93,18075
990,20,3270789,1,48,18076
991,12,3270791,1,272,18077
992,5,3270794,1,29,18078
993,9,3283045,1,137,18079
994,12,3285867,50,177,18129
995,9,3290108,1,87,18130
996,15,3290108,15,123,18145
997,5,3290874,8,10,18153
998,5,3291825,1,193,18154
999,9,3295509,1,42,18155
1000,7,3318247,1,172,18156
1001,19,3319585,11,1310,18167
1002,20,3322454,1,77,18168
1003,18,3348462,1,141,18169
1004,8,3348465,1,262,18170
1005,5,3349927,10,1836,18180
1006,15,3349927,15,289,18195
1007,7,3355208,1,32,18196
1008,3,3355211,1,290,18197
1009,2,3355228,1,28,18198
1010,13,3356720,3,1316,18201
1011,14,3368104,1,22,18202
1012,5,3368111,1,110,18203
1013,20,3368933,17,90,18220
1014,18,3368933,1,72,18221
1015,3,3371403,15,229,18236
1016,8,3373216,11,260,18247
1017,13,3375523,1,114,18248
1018,10,3382420,1,90,18249
1019,13,3388807,2,128,18251
1020,6,3391760,1,890,18252
1021,10,3395298,1200,482,19452
1022,5,3397442,1,3200,19453
1023,16,3430627,1,122,19454
1024,10,3430632,1,86,19455
1025,17,3430634,1,184,19456
1026,10,3436696,1,372,19457
1027,15,3436699,1,38,19458
1028,10,3436728,1,124,19459
1029,20,3436750,10,2935,19469
1030,4,3438220,1,19,19470
1031,12,3438227,1,180,19471
1032,15,3460964,1,28,19472
1033,20,3474228,1,160,19473
1034,2,3474228,1,486,19474
1035,11,3474231,1,118,19475
1036,5,3477605,1,1868,19476
1037,4,3477626,1,119,19477
1038,14,3479371,1,26,19478
1039,19,3482523,1,228,19479
1040,7,3482527,1,294,19480
1041,17,3484036,50,218,19530
1042,4,3485484,11,2113,19541
1043,7,3485506,2,274,19543
1044,13,3485506,1,152,19544
1045,17,3487586,100,92,19644
1046,19,3487591,1,42,19645
1047,1,3490893,998,912,20643
1048,4,3492446,1,140,20644
1049,7,3494268,1,27,20645
1050,19,3494268,15,444,20660
1051,16,3494271,1,31,20661
1052,20,3494275,1,210,20662
1053,9,3495986,2,109,20664
1054,6,3495988,1,37,20665
1055,18,3495995,1,137,20666
1056,8,3506026,1,219,20667
1057,14,3510837,1,20,20668
1058,9,3515499,1,348,20669
1059,14,3515505,1,147,20670
1060,9,3517607,1,237,20671
1061,4,3519506,1,33,20672
1062,5,3520306,1,437,20673
1063,18,3529148,1,28,20674
1064,15,3536409,8,14,20682
1065,2,3551873,1,34,20683
1066,7,3559921,1,2113,20684
1067,18,3561604,2,247,20686
1068,11,3574306,1,78,20687
1069,8,3575049,1,292,20688
1070,3,3576444,1,180,20689
1071,2,3578357,1,2581,20690
1072,14,3578361,1,115,20691
1073,15,3578368,1,247,20692
1074,6,3590767,1,20,20693
1075,17,3590781,15,671,20708
1076,17,3590813,1,103,20709
1077,17,3592077,29,70,20738
1078,7,3597640,6,277,20744
1079,12,3597662,1,284,20745
1080,19,3598717,1,27,20746
1081,3,3604375,1,126,20747
1082,2,3611353,1,30,20748
1083,2,3636055,1,116,20749
1084,20,3636060,1,66,20750
1085,5,3636062,1,1011,20751
1086,10,3636065,1,31,20752
1087,2,3636077,1,23,20753
1088,17,3636082,1,111,20754
1089,19,3638694,1,286,20755
1090,3,3643810,1,2114,20756
1091,17,3643815,1,27,20757
1092,19,3650121,1,19,20758
1093,10,3651097,1,27,20759
1094,9,3652780,2,247,20761
1095,12,3652786,1,78,20762
1096,2,3665136,1,308,20763
1097,16,3665150,1,280,20764
1098,14,3676589,1,26,20765
1099,19,3682659,1,586,20766
1100,11,3684108,31,328,20797
1101,5,3685938,2,32,20799
1102,19,3696993,1,413,20800
1103,9,3696993,100,286,20900
1104,20,3697006,50,177,20950
1105,12,3699735,1,219,20951
1106,13,3700647,1,54,20952
1107,1,3702110,1,26,20953
1108,19,3703592,1,1876,20954
1109,2,3707975,5,112,20959
1110,17,3707993,1,821,20960
1111,4,3719750,1,209,20961
1112,11,3721178,38,266,20999
1113,12,3721180,1,29,21000
1114,18,3721180,3,26,21003
1115,12,3721180,1,60,21004
1116,3,3721187,1,412,21005
1117,3,3722909,11,57,21016
1118,18,3722911,1,39,21017
1119,11,3727898,1,71,21018
1120,18,3738679,1,174,21019
1121,6,3743938,1,44,21020
1122,11,3743939,5,76,21025
1123,7,3749501,6,277,21031
1124,19,3749501,1,228,21032
1125,19,3752921,11,109,21043
1126,13,3752921,1,83,21044
1127,17,3755675,1,23,21045
1128,12,3755707,1,2338,21046
1129,9,3762685,1,30,21047
1130,12,3762705,1,94,21048
1131,3,3762707,1,37,21049
1132,8,3771039,1,291,21050
1133,9,3777902,1,26,21051
1134,13,3800639,1,28,21052
1135,10,3801377,1,404,21053
1136,20,3801395,1,821,21054
1137,3,3801397,1,272,21055
1138,6,3801404,1,145,21056
1139,9,3801408,1,127,21057
1140,3,3815898,1,1866,21058
1141,10,3817539,1,73,21059
1142,9,3817545,1,289,21060
1143,7,3817572,1,27,21061
1144,9,3817751,1,77,21062
1145,16,3817756,1,223,21063
1146,17,3818574,1,196,21064
1147,7,3820253,1,29,21065
1148,18,3821011,1,130,21066
1149,18,3822847,11,240,21077
1150,11,3822851,1,136,21078
1151,10,3824480,1,297,21079
1152,17,3827648,15,793,21094
1153,2,3840019,1,285,21095
1154,12,3840019,40,573,21135
1155,2,3842596,10,2935,21145
1156,11,3846470,1,28,21146
1157,6,3865187,1,2312,21147
1158,18,3867028,1,22,21148
1159,19,3870949,1,28,21149
1160,17,3870951,1,368,21150
1161,6,3876193,1,30,21151
1162,7,3876198,1,48,21152
1163,4,3876220,1,284,21153
1164,5,3876239,1,81,21154
1165,19,3878461,15,289,21169
1166,4,3882922,1,25,21170
1167,9,3889429,1,365,21171
1168,7,3914131,1,116,21172
1169,2,3918905,11,48,21183
1170,15,3924467,6,277,21189
1171,20,3932186,1,57,21190
1172,12,3932194,1,772,21191
1173,1,3932203,1,33,21192
1174,16,3943959,1,209,21193
1175,6,3956526,1,61,21194
1176,18,3957350,2,950,21196
1177,1,3963260,1,601,21197
1178,3,3964449,1,457,21198
1179,6,3967832,1,1997,21199
1180,17,3967832,1,60,21200
1181,7,3973347,1,275,21201
1182,10,3973347,1,42,21202
1183,16,3985471,1,19,21203
1184,12,3989932,1,25,21204
1185,13,3989954,1,47,21205
1186,3,3990780,1,165,21206
1187,20,4025888,1,19,21207
1188,7,4025888,16,738,21223
1189,20,4025888,1,247,21224
1190,19,4036829,166,109,21390
1191,20,4038621,1,28,21391
1192,12,4038621,1,570,21392
1193,16,4039417,1,27,21393
1194,4,4047767,1,42,21394
1195,19,4048822,1,27,21395
1196,20,4048822,1,160,21396
1197,14,4051196,1,78,21397
1198,19,4057257,1,372,21398
1199,11,4057262,1,188,21399
1200,14,4057271,489,280,21888
1201,17,4092380,1,19,21889
1202,16,4093150,1,845,21890
1203,20,4102377,1,118,21891
1204,18,4105443,15,226,21906
1205,17,4117150,1,167,21907
1206,16,4121960,1,20,21908
1207,19,4121960,1,180,21909
1208,15,4121964,1,127,21910
1209,16,4123442,11,650,21921
1210,9,4123442,9,97,21930
1211,17,4123442,1,42,21931
1212,19,4125121,1,29,21932
1213,13,4134790,15,157,21947
1214,18,4134807,1,128,21948
1215,9,4134811,1,113,21949
1216,1,4134814,1,57,21950
1217,2,4134814,78,80,22028
1218,15,4139587,11,48,22039
1219,12,4139592,1,30,22040
1220,17,4149381,1,259,22041
1221,7,4162144,3,111,22044
1222,16,4172355,1,41,22045
1223,11,4195161,1,105,22046
1224,5,4206256,1,287,22047
1225,14,4210497,1,87,22048
1226,4,4210502,1,49,22049
1227,1,4217655,1,26,22050
1228,18,4230919,1,160,22051
1229,2,4235470,1,32,22052
1230,13,4235474,1,19,22053
1231,11,4235482,1,240,22054
1232,10,4244116,1,25,22055
1233,2,4244116,11,89,22066
1234,3,4244120,1,38,22067
1235,4,4245760,2,47,22069
1236,3,4245767,1,137,22070
1237,10,4248823,2,72,22072
1238,14,4249557,1,15,22073
1239,11,4250283,1,97,22074
1240,1,4250305,1,284,22075
1241,6,4250317,1,47,22076
1242,17,4253499,1,138,22077
1243,19,4254331,11,189,22088
1244,12,4254334,1,507,22089
1245,10,4257019,1,164,22090
1246,14,4257021,1,31,22091
1247,17,4258835,11,260,22102
1248,15,4258840,1,48,22103
1249,3,4259765,1,88,22104
1250,7,4271471,1,167,22105
1251,8,4272300,1,49,22106
1252,2,4273026,1,97,22107
1253,8,4273026,11,239,22118
1254,8,4275365,17,74,22135
1255,13,4275370,1,196,22136
1256,7,4287457,1,36,22137
1257,5,4288986,1,29,22138
1258,10,4305025,1,438,22139
1259,12,4310243,31,383,22170
1260,10,4310250,1,26,22171
1261,16,4323013,3,111,22174
1262,5,4323033,1,135,22175
1263,12,4335728,8,70,22183
1264,18,4358606,1,182,22184
1265,17,4364004,1,32,22185
1266,11,4364742,1,23,22186
1267,20,4365463,1,480,22187
1268,19,4366232,1,79,22188
1269,10,4367208,1,27,22189
1270,18,4367211,1,157,22190
1271,9,4368589,1,54,22191
1272,1,4368592,1,262,22192
1273,10,4374897,1,19,22193
1274,3,4382915,1,23,22194
1275,16,4394849,1,28,22195
1276,17,4399437,1,78,22196
1277,20,4399446,1,33,22197
1278,9,4401817,15,269,22212
1279,12,4424696,1,182,22213
1280,8,4427596,2,30,22215
1281,4,4427601,1,49,22216
1282,17,4429245,1,164,22217
1283,17,4429248,1,121,22218
1284,5,4429258,1,136,22219
1285,2,4429261,1,85,22220
1286,3,4429266,1,199,22221
1287,1,4429276,1,174,22222
1288,2,4430683,1,51,22223
1289,1,4431479,1,569,22224
1290,2,4431492,50,177,22274
1291,2,4431495,1,669,22275
1292,11,4434363,1,77,22276
1293,1,4454722,1,26,22277
1294,1,4454730,1,265,22278
1295,7,4456203,1,185,22279
1296,7,4456215,1,23,22280
1297,10,4459079,1,1716,22281
1298,18,4460688,17,95,22298
1299,9,4463158,2,22,22300
1300,8,4463172,1,263,22301
1301,7,4467283,1,744,22302
1302,2,4472565,1,32,22303
1303,18,4472565,1,25,22304
1304,15,4472567,1,51,22305
1305,11,4483570,1,126,22306
1306,14,4490599,1,15,22307
1307,1,4492793,1,34,22308
1308,6,4492807,1,123,22309
1309,3,4492807,1,218,22310
1310,6,4495251,11,89,22321
1311,8,4495261,1,174,22322
1312,10,4495263,1,45,22323
1313,4,4495270,1,78,22324
1314,11,4499895,1,26,22325
1315,5,4502114,46,213,22371
1316,15,4511281,1,19,22372
1317,8,4512809,1,641,22373
1318,10,4514578,2,68,22375
1319,12,4515354,1,106,22376
1320,19,4515354,1,486,22377
1321,15,4515359,1,171,22378
1322,8,4520875,1,275,22379
1323,6,4520875,1,160,22380
1324,2,4523068,1,34,22381
1325,2,4529456,2,128,22383
1326,4,4529459,1,37,22384
1327,8,4553701,1,262,22385
1328,10,4563752,1,259,22386
1329,9,4563752,11,129,22397
1330,14,4563754,1,190,22398
1331,8,4564492,1,79,22399
1332,2,4564498,1,223,22400
1333,9,4566809,15,365,22415
1334,7,4576478,15,157,22430
1335,12,4586344,1,116,22431
1336,15,4589297,1,890,22432
1337,20,4589320,1,27,22433
1338,13,4600704,1,22,22434
1339,14,4600709,1,171,22435
1340,8,4602173,1,21,22436
1341,16,4602982,1,116,22437
1342,11,4602988,1,125,22438
1343,6,4602988,11,120,22449
1344,4,4602988,78,80,22527
1345,3,4603854,50,24,22577
1346,14,4606096,15,367,22592
1347,9,4608337,2,3224,22594
1348,10,4608337,1,90,22595
1349,11,4609121,1,213,22596
1350,12,4631858,1,28,22597
1351,15,4631875,1,27,22598
1352,12,4632692,1,191,22599
1353,13,4632696,1,136,22600
1354,16,4636379,1,42,22601
1355,1,4644987,1,44,22602
1356,5,4655704,1,26,22603
1357,6,4658389,1,164,22604
1358,19,4661075,1,164,22605
1359,18,4662715,1,73,22606
1360,5,4662715,11,62,22617
1361,15,4662715,1,104,22618
1362,5,4662715,18,379,22636
1363,6,4662721,1,195,22637
1364,20,4688167,1,28,22638
1365,8,4688991,2,950,22640
1366,11,4696145,1,26,22641
1367,9,4705782,1,16,22642
1368,16,4707433,1,25,22643
1369,3,4707436,1,57,22644
1370,5,4729911,1,114,22645
1371,12,4730649,1,404,22646
1372,15,4730649,15,175,22661
1373,4,4731397,1,73,22662
1374,5,4732351,1,67,22663
1375,11,4732351,1,247,22664
1376,6,4732353,1,22,22665
1377,18,4732353,1,231,22666
1378,2,4732353,1,60,22667
1379,7,4732353,9,221,22676
1380,12,4733200,15,359,22691
1381,12,4733200,1,53,22692
1382,12,4739513,1,163,22693
1383,17,4743775,1,793,22694
1384,12,4748929,1,219,22695
1385,4,4754327,1,32,22696
1386,13,4757102,1,1003,22697
1387,9,4769669,1,61,22698
1388,20,4771910,2,3224,22700
1389,7,4771910,11,62,22711
1390,8,4773398,1,189,22712
1391,10,4773398,1,135,22713
1392,19,4780427,1,15,22714
1393,8,4785261,1,122,22715
1394,2,4800014,1,27,22716
1395,10,4809803,1,259,22717
1396,19,4809805,1,304,22718
1397,7,4812285,1,388,22719
1398,5,4812291,1,117,22720
1399,12,4813050,1,47,22721
1400,9,4817511,1,25,22722
1401,6,4817513,9,85,22731
1402,3,4818307,5,159,22736
1403,19,4819807,55,56,22791
1404,17,4824415,1,1707,22792
1405,18,4824432,2,320,22794
1406,18,4824432,1,180,22795
1407,14,4825860,1,378,22796
1408,15,4834929,15,305,22811
1409,17,4835637,1,156,22812
1410,6,4835637,1,826,22813
1411,12,4835641,1,34,22814
1412,14,4841029,1,333,22815
1413,3,4841799,1,845,22816
1414,7,4844737,1,93,22817
1415,5,4844737,1,171,22818
1416,7,4857108,1,285,22819
1417,6,4865458,1,42,22820
1418,12,4873353,1,42,22821
1419,2,4873361,1,16,22822
1420,12,4873368,15,421,22837
1421,20,4873370,1,290,22838
1422,7,4873370,1,63,22839
1423,15,4897613,1,262,22840
1424,7,4897613,2,379,22842
1425,11,4898530,1,408,22843
1426,19,4899974,2,104,22845
1427,1,4902119,15,351,22860
1428,11,4902135,1,154,22861
1429,16,4903952,1,359,22862
1430,2,4903967,1,280,22863
1431,2,4903984,2,320,22865
1432,12,4903986,1,3336,22866
1433,18,4905301,1,25,22867
1434,5,4910633,1,26,22868
1435,3,4911700,1,30,22869
1436,11,4920307,1,44,22870
1437,19,4920307,1,160,22871
1438,10,4921107,1,437,22872
1439,11,4921107,78,80,22950
1440,19,4922924,1,359,22951
1441,16,4922929,1,171,22952
1442,14,4931564,1,25,22953
1443,3,4941516,1,57,22954
1444,3,4945232,1,51,22955
1445,11,4946287,1,27,22956
1446,6,4951573,8,15,22964
1447,11,4952978,15,150,22979
1448,11,4975716,1,172,22980
1449,9,4979433,1,51,22981
1450,10,4981503,15,163,22996
1451,16,4990729,1,118,22997
1452,1,4991641,1,54,22998
1453,6,4991645,1,24,22999
1454,10,4994797,1,228,23000
1455,4,5004344,1,197,23001
1456,14,5013893,46,239,23047
1457,20,5015707,11,260,23058
1458,9,5015723,1,154,23059
1459,19,5018675,1,890,23060
1460,19,5019384,2,398,23062
1461,20,5019398,1,43,23063
1462,6,5026001,1,271,23064
1463,5,5026763,1,74,23065
1464,4,5026767,1,79,23066
1465,12,5028214,11,2113,23077
1466,19,5030684,2,22,23079
1467,7,5030702,1,2677,23080
1468,15,5035819,1,2114,23081
1469,16,5037347,1,641,23082
1470,8,5037352,15,90,23097
1471,8,5037354,1,37,23098
1472,3,5039224,1,31,23099
1473,17,5046350,4,74,23103
1474,16,5052663,1,163,23104
1475,16,5053456,1,221,23105
1476,11,5063667,1,41,23106
1477,17,5069939,1,301,23107
1478,6,5071769,2,32,23109
1479,16,5071783,1,123,23110
1480,1,5071783,67,207,23177
1481,18,5071783,1,87,23178
1482,18,5074094,15,365,23193
1483,15,5074121,1,71,23194
1484,19,5074121,9,97,23203
1485,12,5074827,15,423,23218
1486,12,5077224,1,17,23219
1487,12,5077982,1,130,23220
1488,8,5077985,1,126,23221
1489,18,5077992,1,209,23222
1490,3,5094049,1,66,23223
1491,12,5094049,40,573,23263
1492,6,5129158,1,19,23264
1493,15,5129163,1,42,23265
1494,2,5129910,1,2792,23266
1495,12,5131736,11,191,23277
1496,11,5131736,50,196,23327
1497,6,5131739,1,267,23328
1498,16,5133347,1,248,23329
1499,1,5134763,11,229,23340
1500,8,5136244,1,1876,23341
1501,20,5136249,1,199,23342
1502,15,5140873,1,26,23343
1503,6,5143128,15,92,23358
1504,7,5143130,1,103,23359
1505,15,5143136,1,27,23360
1506,11,5143914,3,46,23363
1507,5,5147630,1,51,23364
1508,11,5149390,1,93,23365
1509,6,5149390,1,72,23366
1510,20,5150178,1,790,23367
1511,10,5150178,1,189,23368
1512,18,5162121,1,64,23369
1513,14,5162127,1,62,23370
1514,15,5162132,489,126,23859
1515,18,5166740,1,1707,23860
1516,6,5168240,55,56,23915
1517,20,5169703,1,26,23916
1518,10,5176016,1,163,23917
1519,7,5177486,1,19,23918
1520,5,5182711,1,87,23919
1521,1,5182718,1,110,23920
1522,11,5182718,1,58,23921
1523,14,5182725,1,54,23922
1524,17,5182750,1,2187,23923
1525,6,5184219,11,53,23934
1526,15,5184219,11,239,23945
1527,18,5184237,1,254,23946
1528,12,5184237,40,573,23986
1529,7,5186363,2,135,23988
1530,3,5186368,1,49,23989
1531,4,5186374,1,223,23990
1532,18,5186379,1,117,23991
1533,5,5197570,1,231,23992
1534,13,5210333,3,111,23995
1535,16,5210333,32,487,24027
1536,17,5210333,1,71,24028
1537,19,5210336,1,3336,24029
1538,19,5210340,1,119,24030
1539,19,5215246,1,29,24031
1540,16,5215263,1,254,24032
1541,10,5215264,1,231,24033
1542,12,5215286,2,274,24035
1543,6,5215304,1,274,24036
1544,20,5221609,1,19,24037
1545,6,5222301,55,52,24092
1546,1,5222307,1,125,24093
1547,2,5222307,100,286,24193
1548,3,5225226,5,14,24198
1549,18,5225226,1,289,24199
1550,15,5226415,1,457,24200
1551,11,5228722,1,114,24201
1552,11,5228722,40,573,24241
1553,4,5228736,1,263,24242
1554,2,5230060,11,231,24253
1555,15,5232431,15,269,24268
1556,14,5232441,1,284,24269
1557,11,5236346,1,24,24270
1558,4,5242659,1,163,24271
1559,13,5244104,2,104,24273
1560,14,5246257,1,80,24274
1561,20,5246263,1,151,24275
1562,16,5248651,1,278,24276
1563,5,5248651,1,218,24277
1564,5,5260256,1,79,24278
1565,5,5269521,1,37,24279
1566,7,5276564,1,741,24280
1567,7,5280102,1200,482,25480
1568,15,5281943,1,22,25481
1569,5,5282790,15,359,25496
1570,4,5282790,1,79,25497
1571,2,5282800,50,169,25547
1572,5,5282800,169,98,25716
1573,18,5305423,1,45,25717
1574,9,5318288,1,47,25718
1575,1,5318288,67,207,25785
1576,16,5329478,1,231,25786
1577,15,5332061,1,58,25787
1578,10,5333740,1,29,25788
1579,19,5333741,2,379,25790
1580,11,5344931,1,231,25791
1581,10,5344933,1,183,25792
1582,4,5357018,1,89,25793
1583,6,5357755,1,23,25794
1584,5,5362743,1,71,25795
1585,4,5387445,1,116,25796
1586,4,5388516,100,195,25896
1587,11,5388520,1,195,25897
1588,16,5388525,1,136,25898
1589,18,5397751,1,118,25899
1590,11,5405517,1,140,25900
1591,19,5407828,15,365,25915
1592,18,5419432,1,79,25916
1593,15,5420902,1,19,25917
1594,16,5421751,1,52,25918
1595,13,5423895,15,351,25933
1596,18,5435693,1,234,25934
1597,7,5436436,1,292,25935
1598,8,5436436,1,104,25936
1599,7,5436440,1,195,25937
1600,20,5436446,1,314,25938
1601,8,5442492,1,114,25939
1602,11,5444889,1,17,25940
1603,20,5444895,1,78,25941
1604,2,5444905,1,151,25942
1605,14,5446544,2,47,25944
1606,1,5448785,70,150,26014
1607,12,5453165,1,26,26015
1608,20,5456892,1,59,26016
1609,14,5456906,15,671,26031
1610,10,5456909,1,297,26032
1611,8,5456913,1,120,26033
1612,13,5471506,1,275,26034
1613,13,5473389,15,287,26049
1614,6,5474189,1,437,26050
1615,13,5474205,1,45,26051
1616,12,5477386,1,34,26052
1617,20,5478864,11,650,26063
1618,8,5478864,1,245,26064
1619,3,5490807,1,64,26065
1620,20,5503510,1,78,26066
1621,13,5515114,1,79,26067
1622,10,5515118,9,88,26076
1623,14,5523450,1,109,26077
1624,12,5530246,8,13,26085
1625,14,5531317,1,28,26086
1626,5,5540544,1,118,26087
1627,18,5541312,1,79,26088
1628,6,5542036,10,2947,26098
1629,11,5557500,1,34,26099
1630,13,5559504,11,228,26110
1631,11,5582383,1,182,26111
1632,17,5590024,136,69,26247
1633,9,5590029,1,48,26248
1634,7,5590035,1,302,26249
1635,6,5594940,1,29,26250
1636,18,5596385,2,104,26252
1637,5,5611198,1,32,26253
1638,15,5613392,1,34,26254
1639,17,5613404,1,660,26255
1640,14,5613404,2,72,26257
1641,11,5613408,1,42,26258
1642,11,5613426,1,128,26259
1643,5,5617297,1,98,26260
1644,12,5625647,1,42,26261
1645,6,5629008,15,271,26276
1646,8,5651746,1,172,26277
1647,16,5661613,1,2496,26278
1648,16,5663083,1,19,26279
1649,3,5663083,1,60,26280
1650,18,5675453,1,285,26281
1651,19,5675464,1,23,26282
1652,7,5684226,1,229,26283
1653,5,5689789,6,277,26289
1654,12,5691195,2,93,26291
1655,13,5693806,1,286,26292
1656,1,5693806,1,826,26293
1657,15,5694517,50,175,26343
1658,7,5696358,1,22,26344
1659,8,5699529,1,177,26345
1660,1,5699531,1,82,26346
1661,10,5699537,1,223,26347
1662,9,5699548,1,69,26348
1663,17,5706410,1,26,26349
1664,3,5718810,1,20,26350
1665,4,5718811,1,1330,26351
1666,4,5718811,1,58,26352
1667,13,5736148,4,101,26356
1668,4,5755460,1,24,26357
1669,19,5760447,1,71,26358
1670,16,5762759,1,19,26359
1671,9,5763519,11,64,26370
1672,14,5772281,1,229,26371
1673,12,5774025,1,117,26372
1674,13,5775489,1,21,26373
1675,14,5831084,1,2399,26374
1676,18,5831084,1,58,26375
1677,7,5836314,1,272,26376
1678,3,5841702,1,333,26377
1679,8,5841702,14,82,26391
1680,1,5842567,50,24,26441
1681,13,5846712,1,55,26442
1682,20,5848828,1,23,26443
1683,19,5848828,1,82,26444
1684,2,5848834,1,167,26445
1685,17,5854186,1,28,26446
1686,2,5862009,1,350,26447
1687,9,5864376,1,259,26448
1688,5,5865288,1,54,26449
1689,8,5868456,15,793,26464
1690,12,5868457,1,2519,26465
1691,14,5868464,1,78,26466
1692,11,5871825,15,271,26481
1693,2,5872551,2,150,26483
1694,15,5877012,1,25,26484
1695,17,5877012,1,72,26485
1696,19,5877016,1,26,26486
1697,12,5893862,2,77,26488
1698,8,5893864,1,54,26489
1699,4,5896113,2,159,26491
1700,5,5918992,1,182,26492
1701,1,5919779,1,790,26493
1702,5,5921337,11,58,26504
1703,10,5921349,1,565,26505
1704,16,5921349,14,40,26519
1705,1,5926731,1,117,26520
1706,3,5939502,1,102,26521
1707,19,5939502,3,26,26524
1708,3,5949051,46,239,26570
1709,18,5961400,1,308,26571
1710,17,5970740,1,756,26572
1711,5,5970746,1,117,26573
1712,13,5971817,100,195,26673
1713,20,5973255,60,506,26733
1714,14,5973259,100,195,26833
1715,17,5979052,1,358,26834
1716,16,5991139,1,36,26835
1717,11,6000709,1,137,26836
1718,4,6000712,1,126,26837
1719,7,6009519,1,209,26838
1720,20,6010988,1,19,26839
1721,12,6011824,1,27,26840
1722,4,6023900,55,66,26895
1723,4,6023900,1,78,26896
1724,7,6023906,1,151,26897
1725,19,6049334,1,30,26898
1726,1,6073577,1,262,26899
1727,14,6073581,1,34,26900
1728,8,6073581,290,90,27190
1729,10,6075092,50,183,27240
1730,20,6076159,1,30,27241
1731,19,6077647,1,189,27242
1732,18,6077650,1,262,27243
1733,13,6077657,1,117,27244
1734,2,6078394,2,127,27246
1735,20,6078399,1,43,27247
1736,9,6082273,1,28,27248
1737,20,6083678,15,150,27263
1738,15,6085093,11,229,27274
1739,9,6103871,1,1284,27275
1740,11,6103871,5,76,27280
1741,16,6103879,1,25,27281
1742,18,6103879,40,573,27321
1743,9,6116451,1,27,27322
1744,6,6116453,1,121,27323
1745,15,6116458,1,203,27324
1746,10,6119668,2,206,27326
1747,19,6120394,2,150,27328
1748,11,6120394,32,487,27360
1749,13,6125003,1,1707,27361
1750,14,6125012,1,151,27362
1751,18,6125012,15,110,27377
1752,13,6126657,1,164,27378
1753,8,6126678,1,132,27379
1754,1,6126682,1,19,27380
1755,5,6135849,1,19,27381
1756,4,6137748,1,33,27382
1757,12,6142583,1,177,27383
1758,10,6142587,1,113,27384
1759,18,6144014,1,378,27385
1760,10,6144049,1,235,27386
1761,4,6155592,1,98,27387
1762,5,6157621,1,61,27388
1763,2,6160832,2,206,27390
1764,16,6165819,1,71,27391
1765,19,6165824,1,29,27392
1766,11,6165824,11,120,27403
1767,12,6167978,1,80,27404
1768,1,6167978,3,237,27407
1769,7,6170847,1,77,27408
1770,9,6171574,1,45,27409
1771,3,6173508,1,34,27410
1772,15,6176408,2,30,27412
1773,1,6178973,1,22,27413
1774,9,6186319,1,95,27414
1775,17,6186319,1,388,27415
1776,1,6187008,1,373,27416
1777,13,6187008,15,123,27431
1778,4,6187777,1,79,27432
1779,11,6187777,15,110,27447
1780,20,6187777,78,80,27525
1781,19,6190505,1,154,27526
1782,15,6190505,1,296,27527
1783,20,6192017,50,183,27577
1784,17,6192022,1,22,27578
1785,19,6192027,1,188,27579
1786,2,6194399,16,1692,27595
1787,6,6198018,1,21,27596
1788,20,6210590,1,27,27597
1789,2,6210598,1,196,27598
1790,18,6210600,1,54,27599
1791,10,6210600,1,189,27600
1792,7,6226064,1,34,27601
1793,18,6232821,1,105,27602
1794,8,6234348,1,641,27603
1795,7,6235184,1,27,27604
1796,17,6235189,1,171,27605
1797,19,6237343,3,74,27608
1798,9,6240506,1,116,27609
1799,5,6240513,1,180,27610
1800,19,6240530,1,27,27611
1801,8,6240530,1,79,27612
1802,20,6242726,1,1310,27613
1803,2,6250117,1,23,27614
1804,1,6256164,1,114,27615
1805,20,6276220,1,23,27616
1806,10,6276223,1,103,27617
1807,16,6277082,1,626,27618
1808,14,6278694,1,175,27619
1809,3,6278694,11,64,27630
1810,7,6281468,1,1003,27631
1811,2,6309368,1,52,27632
1812,14,6310082,1,2476,27633
1813,14,6311033,1,193,27634
1814,12,6311033,1,78,27635
1815,5,6319640,1,44,27636
1816,8,6321337,16,928,27652
1817,2,6321337,1,171,27653
1818,3,6322895,11,58,27664
1819,15,6324504,1,36,27665
1820,7,6337369,1,47,27666
1821,9,6356147,1,1284,27667
1822,17,6361787,1,602,27668
1823,4,6361789,1,30,27669
1824,20,6363204,11,229,27680
1825,16,6363211,1,26,27681
1826,9,6366228,1,24,27682
1827,10,6366248,1,60,27683
1828,7,6366248,11,61,27694
1829,5,6369167,5,14,27699
1830,13,6369169,1,26,27700
1831,2,6370547,1,54,27701
1832,13,6373276,1,219,27702
1833,18,6373281,1,30,27703
1834,1,6374831,120,28,27823
1835,8,6374831,1,72,27824
1836,16,6376400,1,24,27825
1837,4,6376400,18,379,27843
1838,10,6376400,15,175,27858
1839,20,6376402,1,368,27859
1840,7,6377127,1,30,27860
1841,11,6377127,198,96,28058
1842,8,6377131,1,33,28059
1843,16,6389255,1,19,28060
1844,4,6389317,1,321,28061
1845,16,6389323,1,750,28062
1846,20,6415701,1,44,28063
1847,20,6417154,1,161,28064
1848,13,6417159,1,25,28065
1849,14,6420843,100,388,28165
1850,1,6420843,1,135,28166
1851,13,6420844,1,204,28167
1852,5,6427528,140,56,28307
1853,5,6427538,50,169,28357
1854,10,6427538,1,109,28358
1855,20,6428862,11,231,28369
1856,4,6431230,1,259,28370
1857,20,6431233,1,135,28371
1858,16,6442004,1,67,28372
1859,14,6442018,15,671,28387
1860,17,6452743,1,25,28388
1861,4,6455136,15,117,28403
1862,5,6465003,1,116,28404
1863,18,6465012,1,227,28405
1864,9,6469786,11,48,28416
1865,1,6469786,15,149,28431
1866,4,6469790,1,188,28432
1867,12,6470518,1,45,28433
1868,9,6472672,1,110,28434
1869,4,6472672,3,26,28437
1870,5,6475237,1,22,28438
1871,3,6482095,1,1170,28439
1872,13,6482106,1,55,28440
1873,16,6485790,2,94,28442
1874,5,6485797,1,412,28443
1875,18,6485805,1,25,28444
1876,13,6485808,1,267,28445
1877,8,6493452,1,21,28446
1878,1,6493454,1,103,28447
1879,2,6494174,1,339,28448
1880,20,6514546,1,23,28449
1881,8,6519774,1,25,28450
1882,2,6521181,1,51,28451
1883,15,6521198,2,320,28453
1884,10,6521200,1,272,28454
1885,2,6528243,1,741,28455
1886,2,6530536,1,23,28456
1887,3,6532810,1,31,28457
1888,2,6538871,1,372,28458
1889,10,6538883,1,660,28459
1890,10,6538883,2,71,28461
1891,18,6538897,1,929,28462
1892,20,6551246,1,308,28463
1893,11,6563878,1,127,28464
1894,6,6565529,1,25,28465
1895,12,6574874,8,3211,28473
1896,17,6583869,1,237,28474
1897,11,6598248,1,28,28475
1898,8,6607589,1,756,28476
1899,7,6607589,1,292,28477
1900,10,6609088,55,56,28532
1901,18,6609897,1,116,28533
1902,10,6610660,1,74,28534
1903,1,6610679,1,81,28535
1904,16,6616436,1,92,28536
1905,8,6619258,50,177,28586
1906,8,6622678,11,109,28597
1907,6,6622678,1,816,28598
1908,9,6627907,1,25,28599
1909,7,6630009,1,237,28600
1910,6,6641552,1,98,28601
1911,18,6641552,303,79,28904
1912,20,6641554,1,103,28905
1913,11,6641563,489,280,29394
1914,7,6641563,1,87,29395
1915,2,6641566,1,31,29396
1916,7,6646553,1,71,29397
1917,4,6652169,1,2104,29398
1918,10,6652172,1,51,29399
1919,8,6652175,1,346,29400
1920,10,6658682,1,365,29401
1921,15,6667289,1,44,29402
1922,3,6667291,1,29,29403
1923,3,6667294,1,22,29404
1924,8,6679091,1,234,29405
1925,17,6681285,1,34,29406
1926,18,6692757,1,151,29407
1927,1,6717459,1,116,29408
1928,6,6717459,15,165,29423
1929,14,6742161,1,116,29424
1930,4,6742161,11,84,29435
1931,1,6745904,1,15,29436
1932,10,6745909,1,196,29437
1933,17,6746591,1,30,29438
1934,10,6746609,1,128,29439
1935,10,6748014,15,150,29454
1936,12,6758738,1,25,29455
1937,10,6761602,1,1716,29456
1938,1,6762420,1,196,29457
1939,1,6762428,17,235,29474
1940,15,6765974,1,131,29475
1941,7,6765985,1,69,29476
1942,11,6769296,1,23,29477
1943,10,6772992,11,109,29488
1944,8,6777579,1,78,29489
1945,4,6779049,15,436,29504
1946,1,6795677,1,19,29505
1947,5,6830785,1,19,29506
1948,20,6830790,1,573,29507
1949,1,6835076,1,131,29508
1950,1,6841571,2,297,29510
1951,8,6843044,1,185,29511
1952,16,6843071,1,71,29512
1953,18,6865105,1,19,29513
1954,1,6865109,1,111,29514
1955,5,6865799,1,52,29515
1956,1,6874965,1,19,29516
1957,5,6875704,1,79,29517
1958,19,6876360,9,64,29526
1959,17,6881589,1,25,29527
1960,9,6881589,15,174,29542
1961,13,6916697,1,19,29543
1962,18,6916713,1,45,29544
1963,12,6918119,2,93,29546
1964,18,6918122,1,113,29547
1965,13,6919386,29,70,29576
1966,17,6919386,1,189,29577
1967,15,6929638,1,195,29578
1968,3,6929640,1,24,29579
1969,16,6929640,32,676,29611
1970,13,6929655,1,123,29612
1971,20,6942025,1,285,29613
1972,17,6942029,1,38,29614
1973,17,6943417,1,30,29615
1974,11,6945813,1,17,29616
1975,8,6945813,14,82,29630
1976,13,6947605,2,91,29632
1977,14,6951526,1,28,29633
1978,19,6951545,1,220,29634
1979,17,6951545,1,826,29635
1980,3,6951580,1,235,29636
1981,2,6954499,5,14,29641
1982,18,6954499,1,72,29642
1983,18,6974870,1,23,29643
1984,18,6974870,489,231,30132
1985,19,6987527,1,54,30133
1986,7,6987527,1,68,30134
1987,10,6992433,1,29,30135
1988,13,6992439,1,62,30136
1989,10,6996409,1,258,30137
1990,17,6996409,5,76,30142
1991,19,6997205,1,27,30143
1992,7,7002190,1,79,30144
1993,17,7002195,1,86,30145
1994,18,7004584,1,278,30146
1995,6,7006425,1,22,30147
1996,3,7007615,1,457,30148
1997,16,7019051,1,26,30149
1998,2,7020496,2,104,30151
1999,13,7023656,1,116,30152
